{"cameraMode":{"drawMode":0,"name":"Shaded","section":"Shading Mode"},"sceneLighting":true,"audioPlay":false,"sceneViewState":{"m_AlwaysRefresh":false,"showFog":true,"showSkybox":true,"showFlares":true,"showImageEffects":true,"showParticleSystems":true,"showVisualEffectGraphs":true,"m_FxEnabled":true},"in2DMode":false,"pivot":{"x":-22.50629997253418,"y":15.616185188293457,"z":96.90509033203125},"rotation":{"x":0.0014930791221559048,"y":-0.09675576537847519,"z":-0.00014496812946163118,"w":-0.9953081607818604},"size":12.640954971313477,"orthographic":false}