{"cameraMode":{"drawMode":0,"name":"Shaded","section":"Shading Mode"},"sceneLighting":false,"audioPlay":false,"sceneViewState":{"showFog":true,"showMaterialUpdate":false,"showSkybox":false,"showFlares":true,"showImageEffects":true,"showParticleSystems":true},"in2DMode":false,"pivot":{"x":1.8334721326828004,"y":8.7957181930542,"z":-1.1267075538635255},"rotation":{"x":-0.013470378704369069,"y":-0.9803746342658997,"z":0.18295982480049134,"w":-0.07217942923307419},"size":3.9552128314971926,"orthographic":false}