{"cameraMode":{"drawMode":0,"name":"Shaded","section":"Shading Mode"},"sceneLighting":false,"audioPlay":false,"sceneViewState":{"showFog":true,"showMaterialUpdate":false,"showSkybox":false,"showFlares":true,"showImageEffects":true,"showParticleSystems":true},"in2DMode":false,"pivot":{"x":7.42521858215332,"y":6.832756519317627,"z":-0.8055353164672852},"rotation":{"x":-0.04624273255467415,"y":-0.9537472128868103,"z":0.20777519047260285,"w":-0.21226690709590913},"size":5.0951690673828129,"orthographic":false}