{"cameraMode":{"drawMode":0,"name":"Shaded","section":"Shading Mode"},"sceneLighting":false,"audioPlay":false,"sceneViewState":{"showFog":true,"showMaterialUpdate":false,"showSkybox":false,"showFlares":true,"showImageEffects":true,"showParticleSystems":true},"in2DMode":false,"pivot":{"x":2.351407051086426,"y":5.441560745239258,"z":79.03596496582031},"rotation":{"x":0.09865513443946839,"y":0.06056276708841324,"z":-0.006015378516167402,"w":0.9932588934898377},"size":6.72681188583374,"orthographic":false}