{"cameraMode":{"drawMode":0,"name":"Shaded","section":"Shading Mode"},"sceneLighting":false,"audioPlay":false,"sceneViewState":{"showFog":true,"showMaterialUpdate":false,"showSkybox":false,"showFlares":true,"showImageEffects":true,"showParticleSystems":true},"in2DMode":false,"pivot":{"x":8.625102043151856,"y":6.085333347320557,"z":-0.2708754539489746},"rotation":{"x":-0.013470378704369069,"y":-0.9803746342658997,"z":0.18295982480049134,"w":-0.07217942923307419},"size":4.368066787719727,"orthographic":false}