{"cameraMode":{"drawMode":0,"name":"Shaded","section":"Shading Mode"},"sceneLighting":false,"audioPlay":false,"sceneViewState":{"showFog":true,"showMaterialUpdate":false,"showSkybox":false,"showFlares":true,"showImageEffects":true,"showParticleSystems":true},"in2DMode":false,"pivot":{"x":16.28337860107422,"y":8.018457412719727,"z":-0.984154224395752},"rotation":{"x":-0.013470378704369069,"y":-0.9803746342658997,"z":0.18295982480049134,"w":-0.07217942923307419},"size":7.964829444885254,"orthographic":false}