{"cameraMode":{"drawMode":0,"name":"Shaded","section":"Shading Mode"},"sceneLighting":false,"audioPlay":false,"sceneViewState":{"showFog":true,"showMaterialUpdate":false,"showSkybox":false,"showFlares":true,"showImageEffects":true,"showParticleSystems":true},"in2DMode":false,"pivot":{"x":7.103390693664551,"y":4.098703384399414,"z":-21.029680252075197},"rotation":{"x":-0.023881925269961358,"y":0.9760634303092957,"z":-0.1475176066160202,"w":-0.158017098903656},"size":4.200016975402832,"orthographic":false}