{"cameraMode":{"drawMode":0,"name":"Shaded","section":"Shading Mode"},"sceneLighting":false,"audioPlay":false,"sceneViewState":{"showFog":true,"showMaterialUpdate":false,"showSkybox":false,"showFlares":true,"showImageEffects":true,"showParticleSystems":true},"in2DMode":false,"pivot":{"x":1.9038970470428467,"y":8.804585456848145,"z":0.24093197286128999},"rotation":{"x":-0.023881925269961358,"y":0.9760634303092957,"z":-0.1475176066160202,"w":-0.158017098903656},"size":1.909966230392456,"orthographic":false}