{"cameraMode":{"drawMode":0,"name":"Shaded","section":"Shading Mode"},"sceneLighting":false,"audioPlay":false,"sceneViewState":{"showFog":true,"showMaterialUpdate":false,"showSkybox":false,"showFlares":true,"showImageEffects":true,"showParticleSystems":true},"in2DMode":false,"pivot":{"x":0.05761921405792236,"y":0.08112496137619019,"z":0.02358090877532959},"rotation":{"x":0.050599902868270877,"y":0.9196584820747376,"z":-0.12631891667842866,"w":0.3683899939060211},"size":1.3433172702789307,"orthographic":false}