{"cameraMode":{"drawMode":0,"name":"Shaded","section":"Shading Mode"},"sceneLighting":false,"audioPlay":false,"sceneViewState":{"showFog":true,"showMaterialUpdate":false,"showSkybox":false,"showFlares":true,"showImageEffects":true,"showParticleSystems":true},"in2DMode":false,"pivot":{"x":-0.09933722019195557,"y":-1.251715064048767,"z":0.44107770919799807},"rotation":{"x":-0.023881925269961358,"y":0.9760634303092957,"z":-0.1475176066160202,"w":-0.158017098903656},"size":3.0000171661376955,"orthographic":false}