{"cameraMode":{"drawMode":0,"name":"Shaded","section":"Shading Mode"},"sceneLighting":false,"audioPlay":false,"sceneViewState":{"showFog":true,"showMaterialUpdate":false,"showSkybox":false,"showFlares":true,"showImageEffects":true,"showParticleSystems":true},"in2DMode":false,"pivot":{"x":0.34684228897094729,"y":4.048894882202148,"z":0.4890871047973633},"rotation":{"x":-0.023881925269961358,"y":0.9760634303092957,"z":-0.1475176066160202,"w":-0.158017098903656},"size":6.000715732574463,"orthographic":false}