{"cameraMode":{"drawMode":0,"name":"Shaded","section":"Shading Mode"},"sceneLighting":false,"audioPlay":false,"sceneViewState":{"showFog":true,"showMaterialUpdate":false,"showSkybox":false,"showFlares":true,"showImageEffects":true,"showParticleSystems":true},"in2DMode":false,"pivot":{"x":6.042438507080078,"y":7.95562219619751,"z":0.5953353643417358},"rotation":{"x":-0.050925642251968387,"y":0.7764452695846558,"z":-0.06327162683010102,"w":-0.6249314546585083},"size":4.294602870941162,"orthographic":false}