{"cameraMode":{"drawMode":0,"name":"Shaded","section":"Shading Mode"},"sceneLighting":false,"audioPlay":false,"sceneViewState":{"showFog":true,"showMaterialUpdate":false,"showSkybox":false,"showFlares":true,"showImageEffects":true,"showParticleSystems":true},"in2DMode":false,"pivot":{"x":-0.9654531478881836,"y":11.539999961853028,"z":895.480224609375},"rotation":{"x":-0.3213513195514679,"y":-0.2817702889442444,"z":0.10078367590904236,"w":-0.8984333276748657},"size":23.141246795654298,"orthographic":false}