{"cameraMode":{"drawMode":0,"name":"Shaded","section":"Shading Mode"},"sceneLighting":false,"audioPlay":false,"sceneViewState":{"showFog":true,"showMaterialUpdate":false,"showSkybox":false,"showFlares":true,"showImageEffects":true,"showParticleSystems":true},"in2DMode":false,"pivot":{"x":1.5703866481781006,"y":0.026705384254455568,"z":0.013599872589111328},"rotation":{"x":0.1601896435022354,"y":0.1152048334479332,"z":-0.01882818341255188,"w":0.9801594614982605},"size":2.2415385246276857,"orthographic":false}