{"cameraMode":{"drawMode":0,"name":"Shaded","section":"Shading Mode"},"sceneLighting":false,"audioPlay":false,"sceneViewState":{"showFog":true,"showMaterialUpdate":false,"showSkybox":false,"showFlares":true,"showImageEffects":true,"showParticleSystems":true},"in2DMode":false,"pivot":{"x":-470.75439453125,"y":-703.0604248046875,"z":662.5555419921875},"rotation":{"x":0.37395066022872927,"y":-0.4084441065788269,"z":0.18831050395965577,"w":0.8110954165458679},"size":508.44879150390627,"orthographic":false}