{"cameraMode":{"drawMode":0,"name":"Shaded","section":"Shading Mode"},"sceneLighting":false,"audioPlay":false,"sceneViewState":{"showFog":true,"showMaterialUpdate":false,"showSkybox":false,"showFlares":true,"showImageEffects":true,"showParticleSystems":true},"in2DMode":false,"pivot":{"x":0.06758403778076172,"y":-1.2192232608795167,"z":0.20410442352294923},"rotation":{"x":-0.0006402852013707161,"y":-0.9965808391571045,"z":0.0824054703116417,"w":-0.007731086108833551},"size":2.1073949337005617,"orthographic":false}