{"cameraMode":{"drawMode":0,"name":"Shaded","section":"Shading Mode"},"sceneLighting":false,"audioPlay":false,"sceneViewState":{"showFog":true,"showMaterialUpdate":false,"showSkybox":false,"showFlares":true,"showImageEffects":true,"showParticleSystems":true},"in2DMode":false,"pivot":{"x":-3.9246551990509035,"y":6.736269474029541,"z":8.501060485839844},"rotation":{"x":-0.034318406134843829,"y":-0.10057563334703446,"z":0.00347154145129025,"w":-0.9943326711654663},"size":2.482374668121338,"orthographic":false}