{"cameraMode":{"drawMode":0,"name":"Shaded","section":"Shading Mode"},"sceneLighting":false,"audioPlay":false,"sceneViewState":{"showFog":true,"showMaterialUpdate":false,"showSkybox":false,"showFlares":true,"showImageEffects":true,"showParticleSystems":true},"in2DMode":false,"pivot":{"x":-3.697772264480591,"y":-0.5859012603759766,"z":256.0971374511719},"rotation":{"x":0.12653738260269166,"y":-0.017853815108537675,"z":0.002278158674016595,"w":0.9917992353439331},"size":37.028324127197269,"orthographic":false}