{"cameraMode":{"drawMode":0,"name":"Shaded","section":"Shading Mode"},"sceneLighting":false,"audioPlay":false,"sceneViewState":{"showFog":true,"showMaterialUpdate":false,"showSkybox":false,"showFlares":true,"showImageEffects":true,"showParticleSystems":true},"in2DMode":false,"pivot":{"x":0.5315380096435547,"y":-1.2307015657424927,"z":0.3539247512817383},"rotation":{"x":-0.05991819128394127,"y":0.9384587407112122,"z":-0.21035034954547883,"w":-0.26731938123703005},"size":2.1073949337005617,"orthographic":false}