{"cameraMode":{"drawMode":0,"name":"Shaded","section":"Shading Mode"},"sceneLighting":false,"audioPlay":false,"sceneViewState":{"showFog":true,"showMaterialUpdate":false,"showSkybox":false,"showFlares":true,"showImageEffects":true,"showParticleSystems":true},"in2DMode":false,"pivot":{"x":11.597651481628418,"y":9.869217872619629,"z":6.300235748291016},"rotation":{"x":-0.0006402852013707161,"y":-0.9965808391571045,"z":0.0824054703116417,"w":-0.007731086108833551},"size":19.46727752685547,"orthographic":false}