{"cameraMode":{"drawMode":0,"name":"Shaded","section":"Shading Mode"},"sceneLighting":false,"audioPlay":false,"sceneViewState":{"showFog":true,"showMaterialUpdate":false,"showSkybox":false,"showFlares":true,"showImageEffects":true,"showParticleSystems":true},"in2DMode":false,"pivot":{"x":32.816566467285159,"y":-48.787845611572269,"z":1028.467529296875},"rotation":{"x":0.19135895371437074,"y":0.15418118238449098,"z":-0.030454570427536966,"w":0.9688602089881897},"size":79.03213500976563,"orthographic":false}