{"cameraMode":{"drawMode":0,"name":"Shaded","section":"Shading Mode"},"sceneLighting":false,"audioPlay":false,"sceneViewState":{"showFog":true,"showMaterialUpdate":false,"showSkybox":false,"showFlares":true,"showImageEffects":true,"showParticleSystems":true},"in2DMode":false,"pivot":{"x":-0.11428964138031006,"y":-2.22515869140625,"z":-0.11420667171478272},"rotation":{"x":-0.05991819128394127,"y":0.9384587407112122,"z":-0.21035034954547883,"w":-0.26731938123703005},"size":5.280681133270264,"orthographic":false}