{"cameraMode":{"drawMode":0,"name":"Shaded","section":"Shading Mode"},"sceneLighting":true,"audioPlay":false,"sceneViewState":{"showFog":true,"showMaterialUpdate":false,"showSkybox":true,"showFlares":true,"showImageEffects":true,"showParticleSystems":true},"in2DMode":false,"pivot":{"x":594.1036376953125,"y":1153.074462890625,"z":16.508575439453126},"rotation":{"x":0.11820965260267258,"y":-0.01489435788244009,"z":0.001773269847035408,"w":0.9928756952285767},"size":195.32351684570313,"orthographic":false}