{"cameraMode":{"drawMode":0,"name":"Shaded","section":"Shading Mode"},"sceneLighting":false,"audioPlay":false,"sceneViewState":{"showFog":true,"showMaterialUpdate":false,"showSkybox":false,"showFlares":true,"showImageEffects":true,"showParticleSystems":true},"in2DMode":false,"pivot":{"x":-0.43828481435775759,"y":-0.32515275478363039,"z":0.45231670141220095},"rotation":{"x":-0.05991819128394127,"y":0.9384587407112122,"z":-0.21035034954547883,"w":-0.26731938123703005},"size":3.6000170707702638,"orthographic":false}