{"cameraMode":{"drawMode":0,"name":"Shaded","section":"Shading Mode"},"sceneLighting":false,"audioPlay":false,"sceneViewState":{"showFog":true,"showMaterialUpdate":false,"showSkybox":false,"showFlares":true,"showImageEffects":true,"showParticleSystems":true},"in2DMode":false,"pivot":{"x":-14.113703727722168,"y":4.618903636932373,"z":893.2099609375},"rotation":{"x":0.12653738260269166,"y":-0.017853815108537675,"z":0.002278158674016595,"w":0.9917992353439331},"size":13.945170402526856,"orthographic":false}