{"cameraMode":{"drawMode":0,"name":"Shaded","section":"Shading Mode"},"sceneLighting":false,"audioPlay":false,"sceneViewState":{"showFog":true,"showMaterialUpdate":false,"showSkybox":false,"showFlares":true,"showImageEffects":true,"showParticleSystems":true},"in2DMode":false,"pivot":{"x":-2.6919453144073488,"y":1.55539870262146,"z":1.4682035446166993},"rotation":{"x":-0.18285444378852845,"y":-0.14690017700195313,"z":0.027640925720334054,"w":-0.9717210531234741},"size":5.400017738342285,"orthographic":false}