{"cameraMode":{"drawMode":0,"name":"Shaded","section":"Shading Mode"},"sceneLighting":false,"audioPlay":false,"sceneViewState":{"showFog":true,"showMaterialUpdate":false,"showSkybox":false,"showFlares":true,"showImageEffects":true,"showParticleSystems":true},"in2DMode":false,"pivot":{"x":7.764852046966553,"y":6.758215427398682,"z":-0.1690044403076172},"rotation":{"x":-0.06328301131725311,"y":0.9255809187889099,"z":-0.17878468334674836,"w":-0.3276189863681793},"size":3.4524049758911135,"orthographic":false}