{"cameraMode":{"drawMode":0,"name":"Shaded","section":"Shading Mode"},"sceneLighting":false,"audioPlay":false,"sceneViewState":{"showFog":true,"showMaterialUpdate":false,"showSkybox":false,"showFlares":true,"showImageEffects":true,"showParticleSystems":true},"in2DMode":false,"pivot":{"x":-9.961216926574707,"y":7.512039661407471,"z":2.0041093826293947},"rotation":{"x":-0.05991819128394127,"y":0.9384587407112122,"z":-0.21035034954547883,"w":-0.26731938123703005},"size":9.9642972946167,"orthographic":false}