{"cameraMode":{"drawMode":0,"name":"Shaded","section":"Shading Mode"},"sceneLighting":false,"audioPlay":false,"sceneViewState":{"showFog":true,"showMaterialUpdate":false,"showSkybox":false,"showFlares":true,"showImageEffects":true,"showParticleSystems":true},"in2DMode":false,"pivot":{"x":2.3798322677612306,"y":5.395368576049805,"z":0.24820971488952638},"rotation":{"x":-0.10148095339536667,"y":0.8081573843955994,"z":-0.14606614410877229,"w":-0.5614731311798096},"size":8.6930513381958,"orthographic":false}